"var","a","b","pair","v","h","c","elapsed_s"
"h_max","2m","5m","2m|5m",0.230148955249136,0.241765129156246,0.219597859898406,62.4
"h_max","2m","10m","2m|10m",0.243777431322105,0.254613638289793,0.233825936728859,63.6
"h_max","2m","20m","2m|20m",0.100523047331328,0.1069670215526,0.0948113619587888,54
"h_max","2m","30m","2m|30m",0.0479395817932526,0.0539747114913222,0.0431183460082687,47.8
"h_max","5m","10m","5m|10m",0.713945652345412,0.710041007117535,0.717893479755027,30.7
"h_max","5m","20m","5m|20m",0.184386768817655,0.186669867609217,0.182158842910556,29
"h_max","5m","30m","5m|30m",0.0632339833810468,0.0675656945208131,0.0594242304740144,27.7
"h_max","10m","20m","10m|20m",0.177180804807518,0.180378678320837,0.174094344161528,27.3
"h_max","10m","30m","10m|30m",0.0576464513686558,0.0619578338109451,0.0538960539391558,25.9
"h_max","20m","30m","20m|30m",0.0669978993544738,0.0706670109808498,0.0636909906424989,23.1
"speed","2m","5m","2m|5m",0.023836892786536,0.0226426579910665,0.025164116075724,21.5
"speed","2m","10m","2m|10m",0.0913243121758033,0.0861044463158935,0.0972179034711879,19.2
"speed","2m","20m","2m|20m",0.0279218391964117,0.0264926201362288,0.0295140582513512,18.1
"speed","2m","30m","2m|30m",0.0394826984011814,0.0390036999014414,0.0399736081970201,18.4
"speed","5m","10m","5m|10m",0.0756100458184567,0.0750170309277605,0.076212511063469,10.9
"speed","5m","20m","5m|20m",0.00448316719712821,0.00447775554929516,0.00448859194141937,9.6
"speed","5m","30m","5m|30m",0.00325724016291026,0.00339468438887357,0.00313049255494171,9
"speed","10m","20m","10m|20m",0.0777530182261097,0.078277207142402,0.0772358031461631,8.1
"speed","10m","30m","10m|30m",0.0733484619850284,0.0770772803174031,0.0699637782263599,4.8
"speed","20m","30m","20m|30m",0.103513187698497,0.108016908900756,0.0993699960213405,4.1
